CustomerID,Age,Gender,Income,Purchases,MembershipYears,LastPurchaseDays,Category,Churn
1,56,Male,65648,15,6,277,Furniture,0
2,69,Male,29516,19,9,64,Clothing,0
3,46,Male,22396,7,8,346,Furniture,1
4,32,Female,104082,28,3,292,Clothing,0
5,60,Male,39129,43,5,245,Clothing,0
6,25,Male,21591,5,7,62,Furniture,0
7,38,Male,31303,5,5,332,Clothing,1
8,56,Female,50561,30,8,170,Furniture,0
9,36,Female,91719,32,5,269,Electronics,0
10,40,Male,112108,8,1,267,Furniture,1
11,28,Male,119616,10,5,54,Electronics,0
12,28,Male,106231,38,4,16,Clothing,0
13,41,Male,27314,47,6,8,Furniture,0
14,53,Female,39623,32,3,104,Clothing,0
15,57,Female,87675,48,5,59,Furniture,0
16,41,Female,116826,28,2,313,Electronics,0
17,20,Female,85082,17,6,40,Electronics,0
18,39,Male,103624,31,6,237,Furniture,0
19,19,Male,53130,8,5,94,Electronics,0
20,41,Male,71756,40,6,222,Clothing,0
21,61,Female,117624,25,7,204,Clothing,0
22,47,Male,46292,9,5,138,Grocery,0
23,55,Female,106206,2,1,300,Electronics,1
24,19,Female,89274,15,8,207,Clothing,0
25,38,Male,22469,3,4,336,Furniture,1
26,50,Male,73947,49,9,81,Electronics,0
27,29,Male,42534,36,6,218,Clothing,0
28,39,Female,83620,4,1,2,Electronics,0
29,61,Male,68874,14,3,178,Furniture,0
30,42,Female,69708,41,3,346,Clothing,0
31,66,Male,94553,41,4,279,Grocery,0
32,44,Female,88344,25,6,146,Grocery,0
33,59,Female,69138,10,7,318,Electronics,0
34,45,Male,74302,21,4,224,Furniture,0
35,33,Female,67638,36,6,62,Clothing,0
36,32,Female,98249,12,1,294,Furniture,0
37,64,Male,22719,27,8,239,Clothing,0
38,68,Female,42890,40,7,195,Electronics,0
39,61,Male,97236,2,9,166,Clothing,0
40,69,Female,56509,13,3,222,Furniture,0
41,20,Male,62534,32,2,61,Furniture,0
42,54,Male,112241,31,1,129,Electronics,0
43,68,Female,38787,16,3,173,Furniture,0
44,24,Female,68845,32,5,156,Clothing,0
45,38,Female,77932,32,2,110,Electronics,0
46,26,Female,112124,34,3,269,Clothing,0
47,56,Female,111659,11,4,356,Furniture,0
48,35,Male,53062,10,7,278,Electronics,0
49,21,Female,95713,15,3,74,Clothing,0
50,42,Male,107263,17,9,207,Furniture,0
51,31,Male,115756,40,8,279,Furniture,0
52,67,Female,80461,18,4,326,Grocery,0
53,26,Male,95418,9,1,340,Furniture,1
54,43,Male,86672,25,1,357,Clothing,0
55,19,Male,54832,40,1,340,Electronics,0
56,37,Male,51966,14,1,204,Grocery,0
57,45,Female,92545,25,8,161,Furniture,0
58,64,Male,32987,22,3,28,Furniture,0
59,24,Female,57311,30,6,257,Furniture,0
60,61,Female,51575,20,3,165,Clothing,0
61,25,Male,83852,21,5,63,Grocery,0
62,64,Female,21007,44,7,22,Clothing,0
63,52,Female,90981,32,2,70,Grocery,0
64,31,Female,96242,46,6,96,Electronics,0
65,34,Male,67517,49,6,163,Clothing,0
66,53,Female,49257,21,3,79,Clothing,0
67,67,Female,107272,35,6,5,Electronics,0
68,57,Female,62207,32,5,316,Grocery,0
69,21,Male,33281,30,2,120,Furniture,0
70,19,Female,81246,39,9,302,Electronics,0
71,23,Male,21435,49,8,178,Furniture,0
72,59,Male,118875,12,3,176,Furniture,0
73,21,Male,111357,41,8,217,Electronics,0
74,46,Male,46660,47,9,56,Grocery,0
75,35,Male,25084,18,3,187,Furniture,0
76,43,Male,102197,21,3,232,Electronics,0
77,61,Female,33507,13,2,255,Clothing,0
78,51,Male,92595,21,8,104,Clothing,0
79,27,Female,103807,8,1,77,Clothing,0
80,53,Female,65539,46,8,230,Electronics,0
81,31,Male,27491,40,7,258,Clothing,0
82,48,Female,70192,46,7,264,Furniture,0
83,65,Female,100395,7,3,331,Clothing,1
84,32,Female,83888,23,1,182,Clothing,0
85,25,Female,93609,44,4,256,Furniture,0
86,31,Male,29077,32,9,38,Clothing,0
87,40,Female,40953,11,5,176,Furniture,0
88,57,Male,96919,22,1,27,Clothing,0
89,38,Female,87889,22,5,276,Furniture,0
90,33,Female,43821,43,8,140,Clothing,0
91,62,Male,57567,25,8,299,Furniture,0
92,35,Female,44860,22,5,287,Electronics,0
93,64,Female,41195,28,9,91,Furniture,0
94,41,Female,97475,29,1,61,Clothing,0
95,43,Male,110874,13,4,347,Clothing,0
96,42,Female,107266,18,3,163,Grocery,0
97,62,Male,41427,2,2,351,Furniture,1
98,58,Female,47083,29,8,143,Electronics,0
99,46,Male,107046,21,7,253,Furniture,0
100,32,Male,77372,15,9,269,Furniture,0
101,62,Female,64064,27,2,291,Electronics,0
102,18,Female,27813,31,4,187,Furniture,0
103,42,Male,51598,15,6,304,Electronics,0
104,24,Male,113106,23,3,291,Electronics,0
105,26,Female,47082,24,8,86,Furniture,0
106,41,Male,49241,44,3,166,Furniture,0
107,18,Female,116214,13,2,114,Clothing,0
108,61,Female,64569,22,3,356,Clothing,0
109,25,Female,31745,43,6,183,Grocery,0
110,41,Female,46029,37,2,207,Grocery,0
111,28,Male,33025,33,8,256,Furniture,0
112,68,Female,34288,3,1,235,Electronics,1
113,34,Male,109186,19,7,355,Grocery,0
114,25,Female,26540,23,2,3,Furniture,0
115,52,Male,117768,29,6,208,Grocery,0
116,52,Female,101958,30,2,197,Electronics,0
117,50,Male,88878,39,2,341,Furniture,0
118,22,Male,61846,44,8,125,Electronics,0
119,59,Female,95932,47,2,138,Furniture,0
120,56,Female,37482,25,7,339,Grocery,0
121,58,Female,43411,37,3,25,Clothing,0
122,45,Female,70975,47,8,68,Grocery,0
123,24,Male,80545,8,7,61,Grocery,0
124,26,Female,98797,42,8,29,Clothing,0
125,25,Male,72307,16,7,19,Clothing,0
126,29,Male,23093,8,6,171,Furniture,0
127,51,Female,97258,1,7,74,Furniture,0
128,50,Male,42042,44,5,61,Electronics,0
129,65,Male,72930,5,7,153,Electronics,0
130,40,Male,64413,3,1,276,Grocery,1
131,41,Male,113623,1,1,48,Clothing,0
132,54,Female,117883,4,9,211,Electronics,1
133,52,Female,53756,40,5,343,Grocery,0
134,61,Female,73268,35,5,139,Clothing,0
135,57,Female,59214,32,3,110,Furniture,0
136,39,Male,101871,42,5,183,Grocery,0
137,44,Male,48602,34,3,28,Furniture,0
138,52,Female,73331,43,9,197,Electronics,0
139,18,Female,68901,25,9,191,Electronics,0
140,52,Female,119986,10,6,315,Clothing,0
141,54,Male,83416,21,1,51,Grocery,0
142,64,Female,52196,46,7,149,Furniture,0
143,31,Female,25626,39,7,268,Clothing,0
144,20,Female,27424,27,4,50,Electronics,0
145,18,Male,32857,27,8,246,Electronics,0
146,22,Male,39982,2,6,113,Grocery,0
147,43,Male,96961,41,4,170,Furniture,0
148,31,Male,21980,48,4,166,Grocery,0
149,56,Male,68290,13,2,14,Furniture,0
150,44,Male,46431,9,2,203,Furniture,1
151,26,Male,104976,36,4,288,Grocery,0
152,32,Male,102711,22,5,189,Clothing,0
153,32,Female,46385,42,8,155,Grocery,0
154,43,Female,58158,26,6,55,Grocery,0
155,59,Male,43019,12,4,182,Electronics,0
156,30,Male,38639,17,7,210,Electronics,0
157,68,Female,105530,14,8,75,Grocery,0
158,49,Male,119911,14,2,277,Grocery,0
159,56,Male,41563,34,7,133,Electronics,0
160,66,Male,59341,20,2,343,Furniture,0
161,69,Female,25776,11,2,59,Grocery,0
162,49,Female,56444,16,8,345,Clothing,0
163,21,Female,88916,31,2,182,Clothing,0
164,47,Female,28711,6,9,339,Clothing,1
165,54,Female,94318,19,1,321,Grocery,0
166,40,Male,102970,37,9,64,Furniture,0
167,56,Female,105553,4,1,327,Furniture,1
168,62,Male,50707,47,2,260,Electronics,0
169,32,Male,59110,4,6,193,Grocery,1
170,60,Female,81788,20,6,143,Furniture,0
171,46,Female,102879,10,1,104,Grocery,0
172,53,Male,58827,24,7,214,Electronics,0
173,30,Male,25655,35,8,242,Electronics,0
174,49,Male,64859,26,2,209,Electronics,0
175,24,Female,73625,37,8,93,Clothing,0
176,68,Female,72098,38,9,142,Grocery,0
177,39,Female,35251,21,6,112,Electronics,0
178,45,Female,20526,40,5,59,Grocery,0
179,19,Female,88760,39,9,43,Clothing,0
180,59,Male,67837,21,9,207,Clothing,0
181,62,Female,31536,10,1,268,Electronics,0
182,23,Male,48541,38,3,296,Electronics,0
183,45,Male,99083,46,9,118,Furniture,0
184,45,Male,71027,4,2,20,Grocery,0
185,61,Female,54531,45,4,222,Electronics,0
186,61,Female,28712,20,4,166,Furniture,0
187,37,Female,85455,17,2,131,Grocery,0
188,47,Male,94744,7,3,156,Electronics,0
189,28,Male,25109,4,3,184,Furniture,1
190,45,Male,69268,29,1,90,Furniture,0
191,42,Male,74615,14,6,94,Grocery,0
192,56,Male,102503,3,8,13,Furniture,0
193,50,Male,49759,24,3,322,Grocery,0
194,18,Female,105708,37,5,293,Grocery,0
195,44,Female,80112,16,1,230,Grocery,0
196,69,Female,46589,4,7,322,Clothing,1
197,30,Female,50015,24,1,292,Furniture,0
198,58,Male,49009,34,9,26,Grocery,0
199,20,Male,103309,30,8,75,Electronics,0
200,56,Female,82046,18,7,364,Clothing,0
201,23,Male,46143,19,7,299,Clothing,0
202,25,Female,26154,31,5,150,Furniture,0
203,44,Female,41804,19,5,148,Grocery,0
204,26,Female,61688,49,5,8,Furniture,0
205,54,Male,84288,46,1,29,Clothing,0
206,50,Female,71195,19,8,296,Grocery,0
207,68,Female,40581,22,1,209,Electronics,0
208,59,Female,72648,24,4,128,Grocery,0
209,61,Male,50087,45,9,340,Clothing,0
210,41,Male,69930,12,9,116,Electronics,0
211,32,Female,52981,30,5,144,Grocery,0
212,49,Male,89298,38,4,318,Electronics,0
213,49,Male,66167,31,3,235,Electronics,0
214,41,Male,95304,36,3,7,Clothing,0
215,58,Male,63408,19,5,45,Electronics,0
216,69,Male,59499,48,1,239,Furniture,0
217,66,Male,72269,45,5,155,Clothing,0
218,66,Male,58559,36,6,181,Furniture,0
219,69,Male,94319,30,7,215,Electronics,0
220,29,Male,115317,49,9,88,Furniture,0
221,56,Male,116347,33,3,256,Grocery,0
222,19,Female,68787,18,2,73,Electronics,0
223,20,Female,55488,49,3,179,Grocery,0
224,66,Male,94441,28,9,212,Furniture,0
225,54,Female,94663,47,7,293,Grocery,0
226,66,Female,42431,11,9,234,Electronics,0
227,34,Male,81681,45,2,239,Grocery,0
228,66,Male,83483,33,5,223,Furniture,0
229,19,Male,69153,17,4,119,Furniture,0
230,19,Female,26368,6,2,313,Furniture,1
231,45,Female,47424,4,9,264,Electronics,1
232,40,Male,65004,20,9,207,Furniture,0
233,54,Male,103869,48,6,95,Electronics,0
234,49,Male,108652,47,6,222,Grocery,0
235,50,Female,76985,27,8,276,Furniture,0
236,18,Female,70069,15,6,231,Grocery,0
237,36,Female,72326,6,1,309,Clothing,1
238,19,Female,101061,47,4,119,Grocery,0
239,61,Male,43398,14,7,268,Clothing,0
240,43,Male,118393,11,2,273,Grocery,0
241,49,Male,70861,39,9,64,Electronics,0
242,23,Male,95897,9,8,298,Grocery,1
243,49,Female,101905,26,8,350,Electronics,0
244,21,Female,88577,16,7,11,Electronics,0
245,28,Male,85641,5,4,98,Furniture,0
246,34,Male,29078,10,2,71,Electronics,0
247,55,Female,45003,3,3,364,Clothing,1
248,41,Male,82768,13,6,58,Furniture,0
249,22,Female,71047,43,5,290,Furniture,0
250,69,Male,91626,49,8,251,Grocery,0
251,51,Male,77660,30,6,276,Electronics,0
252,23,Male,69786,45,6,50,Electronics,0
253,39,Male,21925,6,1,358,Clothing,1
254,28,Male,103976,17,4,216,Grocery,0
255,65,Male,46015,45,5,52,Grocery,0
256,33,Male,53320,19,3,271,Furniture,0
257,50,Female,84881,42,9,84,Furniture,0
258,26,Female,110827,35,1,293,Furniture,0
259,23,Female,46289,46,6,126,Clothing,0
260,33,Female,23389,26,6,296,Clothing,0
261,46,Female,45683,5,5,72,Furniture,0
262,20,Male,33629,29,5,296,Grocery,0
263,37,Male,81550,37,5,236,Clothing,0
264,53,Female,44826,20,6,56,Grocery,0
265,36,Male,46630,49,8,360,Grocery,0
266,43,Female,118762,21,2,110,Electronics,0
267,20,Female,66163,10,6,192,Furniture,0
268,36,Male,118511,5,1,93,Electronics,0
269,37,Male,86435,36,4,350,Furniture,0
270,49,Male,31653,6,3,56,Furniture,0
271,24,Female,47961,26,9,60,Grocery,0
272,69,Male,101941,4,3,138,Furniture,0
273,58,Female,94137,39,6,39,Grocery,0
274,50,Female,53662,39,1,28,Grocery,0
275,57,Female,118818,35,6,49,Furniture,0
276,56,Male,76446,1,4,125,Grocery,0
277,35,Male,41288,24,8,13,Grocery,0
278,57,Female,115081,36,9,36,Grocery,0
279,18,Male,56877,6,4,101,Clothing,0
280,28,Male,35313,41,6,282,Grocery,0
281,45,Male,100885,46,1,86,Clothing,0
282,42,Female,92715,44,4,4,Clothing,0
283,67,Female,30326,31,7,223,Grocery,0
284,40,Male,21560,20,1,338,Grocery,0
285,48,Female,99148,24,8,166,Clothing,0
286,47,Male,103186,25,6,344,Clothing,0
287,59,Male,46745,36,5,278,Grocery,0
288,52,Male,51890,21,9,130,Grocery,0
289,24,Male,40022,30,2,31,Furniture,0
290,33,Female,72579,24,5,11,Clothing,0
291,43,Female,90316,44,6,302,Clothing,0
292,65,Female,103847,42,7,96,Furniture,0
293,69,Male,48380,30,5,190,Clothing,0
294,66,Male,22356,22,9,192,Electronics,0
295,19,Male,90326,28,1,266,Clothing,0
296,18,Female,112447,7,7,128,Furniture,0
297,65,Male,109899,35,7,238,Electronics,0
298,29,Female,40049,28,4,355,Grocery,0
299,22,Female,95717,14,9,112,Furniture,0
300,54,Female,36082,10,5,316,Furniture,0
301,49,Female,20661,16,4,343,Grocery,0
302,26,Female,57412,16,7,145,Furniture,0
303,58,Female,22920,31,4,65,Clothing,0
304,52,Male,111194,42,3,247,Grocery,0
305,36,Male,80315,25,9,223,Furniture,0
306,65,Female,99561,13,8,313,Grocery,0
307,33,Female,28946,6,1,106,Grocery,0
308,20,Male,114242,44,7,181,Grocery,0
309,37,Female,65500,9,9,184,Electronics,1
310,41,Female,36309,45,8,226,Furniture,0
311,50,Male,75230,36,8,265,Electronics,0
312,41,Female,118656,43,6,278,Furniture,0
313,69,Female,50027,20,4,89,Clothing,0
314,28,Female,92541,18,8,176,Clothing,0
315,66,Male,79321,43,3,18,Clothing,0
316,25,Male,20956,21,9,106,Furniture,0
317,53,Male,94131,4,2,271,Grocery,1
318,55,Female,67908,33,2,319,Grocery,0
319,57,Female,98339,27,7,167,Electronics,0
320,37,Male,45963,7,4,13,Electronics,0
321,52,Female,59443,6,8,337,Clothing,1
322,65,Female,119259,15,9,32,Electronics,0
323,42,Female,59063,18,7,40,Furniture,0
324,52,Female,100818,32,5,148,Furniture,0
325,42,Female,24703,11,8,218,Electronics,0
326,46,Male,85128,20,4,219,Electronics,0
327,35,Female,92099,24,2,82,Electronics,0
328,63,Male,45849,15,6,333,Electronics,0
329,35,Female,51860,48,9,208,Clothing,0
330,19,Male,51585,7,1,201,Clothing,1
331,52,Female,42015,21,7,332,Electronics,0
332,33,Male,97539,42,9,38,Furniture,0
333,58,Female,63585,26,9,211,Clothing,0
334,53,Male,46958,44,3,327,Furniture,0
335,50,Female,46017,14,5,249,Grocery,0
336,21,Male,96707,37,8,227,Furniture,0
337,50,Female,65350,21,8,48,Electronics,0
338,31,Male,32201,18,4,18,Grocery,0
339,38,Male,49426,5,1,295,Clothing,1
340,65,Female,37778,3,1,196,Clothing,1
341,37,Female,65241,23,4,187,Grocery,0
342,25,Male,62229,26,6,345,Furniture,0
343,24,Female,106652,37,8,224,Clothing,0
344,20,Male,68364,24,6,318,Electronics,0
345,34,Male,118833,49,9,337,Grocery,0
346,50,Male,104878,19,9,229,Electronics,0
347,65,Female,77056,25,2,77,Grocery,0
348,29,Male,47490,21,1,188,Clothing,0
349,68,Male,39975,12,2,346,Furniture,0
350,39,Female,46723,41,5,270,Grocery,0
351,39,Female,43279,33,4,95,Grocery,0
352,63,Female,98301,4,4,310,Electronics,1
353,47,Female,31561,42,9,132,Clothing,0
354,55,Male,86061,7,8,39,Electronics,0
355,55,Male,108397,22,6,72,Clothing,0
356,62,Male,69153,33,1,281,Electronics,0
357,68,Male,53142,17,2,333,Grocery,0
358,25,Female,46916,24,6,160,Electronics,0
359,44,Male,84324,34,2,187,Furniture,0
360,44,Male,64965,28,5,191,Clothing,0
361,51,Female,24648,43,5,120,Clothing,0
362,38,Male,55133,41,6,220,Grocery,0
363,47,Male,70677,39,6,53,Clothing,0
364,50,Male,116059,22,6,222,Furniture,0
365,45,Male,114588,49,2,131,Electronics,0
366,64,Male,119950,17,3,237,Grocery,0
367,50,Male,118317,34,6,246,Furniture,0
368,22,Female,90135,6,8,226,Clothing,1
369,65,Female,55046,46,1,208,Clothing,0
370,36,Male,67064,6,1,96,Furniture,0
371,21,Male,89350,34,2,200,Electronics,0
372,52,Female,65893,1,6,247,Electronics,1
373,66,Male,81272,10,9,72,Grocery,0
374,34,Male,112152,21,4,318,Clothing,0
375,61,Male,87649,5,3,185,Furniture,1
376,45,Female,84674,2,8,6,Electronics,0
377,47,Male,33760,22,9,206,Grocery,0
378,46,Female,41927,48,5,32,Clothing,0
379,63,Male,106475,2,9,99,Clothing,0
380,23,Female,81367,10,2,256,Grocery,0
381,52,Female,117955,34,3,187,Grocery,0
382,58,Male,32588,16,7,76,Electronics,0
383,54,Female,72233,48,7,177,Furniture,0
384,41,Male,64738,39,6,315,Clothing,0
385,46,Female,53397,22,6,287,Furniture,0
386,66,Male,102189,12,2,349,Clothing,0
387,63,Male,96367,24,6,255,Clothing,0
388,48,Female,91260,47,4,325,Furniture,0
389,52,Male,96619,40,3,190,Grocery,0
390,50,Male,39816,38,2,308,Electronics,0
391,69,Female,62240,10,1,345,Clothing,0
392,38,Male,26276,35,5,127,Grocery,0
393,49,Male,99530,49,2,287,Clothing,0
394,40,Female,43499,32,2,254,Electronics,0
395,50,Female,108576,7,7,213,Clothing,1
396,20,Male,102495,21,8,250,Electronics,0
397,35,Male,91635,20,8,84,Electronics,0
398,42,Female,105112,26,4,13,Clothing,0
399,59,Female,55946,4,1,45,Clothing,0
400,48,Male,75204,46,7,127,Electronics,0
401,20,Female,71886,22,1,114,Grocery,0
402,57,Male,91652,15,4,276,Furniture,0
403,63,Male,35563,40,8,205,Electronics,0
404,41,Male,112324,21,2,337,Clothing,0
405,67,Male,112464,15,6,273,Clothing,0
406,49,Male,29847,22,6,58,Grocery,0
407,64,Female,46155,28,9,328,Furniture,0
408,39,Female,99671,14,5,219,Electronics,0
409,40,Female,103310,27,4,109,Electronics,0
410,19,Female,87278,41,5,279,Furniture,0
411,44,Male,38309,40,5,174,Electronics,0
412,59,Male,20619,28,8,328,Furniture,0
413,19,Male,103194,26,8,264,Clothing,0
414,43,Male,70108,49,2,315,Furniture,0
415,34,Female,54707,2,7,111,Electronics,0
416,57,Male,40337,25,8,187,Furniture,0
417,50,Male,101537,3,6,269,Grocery,1
418,26,Female,86504,8,5,229,Clothing,1
419,60,Female,67614,44,9,156,Clothing,0
420,65,Female,111428,33,3,189,Furniture,0
421,56,Female,111155,42,4,272,Electronics,0
422,46,Male,20281,35,9,2,Grocery,0
423,59,Male,47420,6,6,246,Clothing,1
424,43,Female,100896,39,8,210,Clothing,0
425,52,Male,59030,23,7,286,Electronics,0
426,67,Male,21058,25,2,359,Electronics,0
427,42,Male,106213,43,3,13,Grocery,0
428,41,Female,96260,19,1,96,Furniture,0
429,30,Male,48404,5,9,221,Electronics,1
430,24,Female,49856,11,7,238,Furniture,0
431,53,Male,29200,12,1,94,Grocery,0
432,62,Male,84178,10,3,338,Furniture,0
433,37,Male,53997,8,4,269,Clothing,1
434,18,Female,45611,24,4,171,Furniture,0
435,25,Male,61235,28,5,94,Grocery,0
436,63,Female,55057,41,3,149,Grocery,0
437,33,Female,21239,36,3,112,Grocery,0
438,31,Female,85661,37,1,55,Furniture,0
439,29,Male,65272,21,7,337,Clothing,0
440,68,Male,109393,8,1,116,Electronics,0
441,40,Male,81212,9,2,143,Clothing,0
442,32,Male,35398,47,4,201,Furniture,0
443,45,Female,76503,15,4,180,Furniture,0
444,51,Female,26638,48,5,202,Electronics,0
445,19,Female,26570,46,2,364,Furniture,0
446,49,Male,88785,40,4,53,Grocery,0
447,40,Female,29110,18,1,180,Grocery,0
448,39,Male,99141,42,2,313,Grocery,0
449,68,Female,32115,20,1,308,Grocery,0
450,42,Male,59062,6,4,137,Grocery,0
451,39,Male,42911,12,4,182,Furniture,0
452,39,Female,52556,2,7,1,Electronics,0
453,66,Female,98131,7,9,44,Electronics,0
454,69,Female,21969,16,9,227,Grocery,0
455,59,Female,63753,3,5,331,Furniture,1
456,23,Male,102811,45,1,98,Clothing,0
457,32,Female,24470,3,1,208,Clothing,1
458,60,Female,30225,27,6,265,Furniture,0
459,54,Female,43196,43,2,288,Grocery,0
460,50,Male,33669,40,8,271,Electronics,0
461,25,Male,57380,38,9,140,Furniture,0
462,61,Female,68320,33,4,237,Clothing,0
463,61,Male,67414,28,5,72,Clothing,0
464,22,Female,35577,1,8,155,Clothing,0
465,56,Male,108009,8,3,190,Grocery,1
466,21,Male,75409,37,5,268,Clothing,0
467,23,Male,48625,32,3,321,Furniture,0
468,62,Male,101040,48,3,107,Furniture,0
469,49,Female,44089,43,3,232,Clothing,0
470,69,Female,56487,37,7,42,Furniture,0
471,47,Female,85838,4,7,190,Clothing,1
472,64,Male,116999,30,7,139,Clothing,0
473,52,Female,114795,6,8,103,Electronics,0
474,57,Female,70138,46,5,171,Grocery,0
475,69,Female,62823,19,5,351,Grocery,0
476,33,Male,57208,32,4,273,Electronics,0
477,30,Male,74061,9,7,221,Electronics,1
478,67,Male,50659,12,4,213,Grocery,0
479,59,Female,51890,11,2,341,Clothing,0
480,47,Female,99134,46,4,56,Clothing,0
481,36,Female,67055,16,8,342,Grocery,0
482,34,Male,39508,1,9,102,Clothing,0
483,36,Male,62287,45,3,192,Electronics,0
484,45,Female,98916,21,7,310,Clothing,0
485,43,Male,46984,30,9,200,Clothing,0
486,54,Male,28125,13,4,233,Furniture,0
487,43,Male,56059,34,3,227,Furniture,0
488,40,Male,89569,4,5,139,Furniture,0
489,26,Female,37087,28,1,344,Clothing,0
490,29,Male,25704,38,3,305,Grocery,0
491,18,Male,80576,31,8,149,Electronics,0
492,18,Male,93384,27,8,115,Clothing,0
493,64,Male,107128,5,4,63,Grocery,0
494,51,Female,92460,25,2,104,Clothing,0
495,49,Female,47208,3,8,339,Electronics,1
496,65,Male,105150,33,8,359,Clothing,0
497,42,Male,86024,4,4,156,Electronics,0
498,57,Male,59882,25,3,273,Clothing,0
499,62,Male,45923,20,2,6,Electronics,0
500,18,Male,49165,34,9,147,Clothing,0
501,33,Male,87203,26,1,184,Electronics,0
502,56,Female,111749,5,7,28,Furniture,0
503,22,Male,24114,35,5,38,Clothing,0
504,39,Female,84965,28,8,119,Clothing,0
505,46,Female,56321,29,4,293,Grocery,0
506,20,Male,93297,9,7,244,Grocery,1
507,29,Female,116652,38,5,68,Electronics,0
508,43,Female,119304,6,5,214,Clothing,1
509,33,Female,45426,19,9,218,Electronics,0
510,68,Female,37772,44,9,177,Furniture,0
511,54,Female,23712,11,9,299,Grocery,0
512,39,Female,21367,2,6,164,Electronics,0
513,46,Male,111736,47,6,58,Electronics,0
514,31,Female,71924,44,5,269,Grocery,0
515,45,Female,23726,44,9,308,Clothing,0
516,22,Female,109152,9,8,58,Electronics,0
517,64,Male,47723,21,7,288,Grocery,0
518,66,Female,29108,24,7,105,Clothing,0
519,47,Male,97714,34,6,228,Furniture,0
520,63,Female,55643,22,5,247,Grocery,0
521,69,Male,51324,3,4,188,Electronics,1
522,22,Male,103360,12,3,83,Furniture,0
523,29,Female,28927,28,3,186,Clothing,0
524,33,Female,113680,30,6,252,Clothing,0
525,43,Male,116546,26,4,355,Grocery,0
526,43,Female,42443,48,6,238,Grocery,0
527,65,Male,99973,21,3,360,Grocery,0
528,38,Male,83449,28,4,184,Clothing,0
529,56,Male,96743,26,9,284,Furniture,0
530,53,Male,80233,33,5,210,Clothing,0
531,50,Male,45537,21,7,304,Electronics,0
532,47,Female,97576,35,2,296,Clothing,0
533,54,Male,42612,34,5,97,Electronics,0
534,40,Male,113977,41,9,208,Furniture,0
535,27,Female,26471,47,3,137,Grocery,0
536,22,Male,55631,18,9,184,Grocery,0
537,53,Female,112059,11,6,76,Clothing,0
538,51,Female,51348,23,4,287,Grocery,0
539,69,Female,84732,48,7,142,Furniture,0
540,48,Male,21177,22,8,237,Grocery,0
541,27,Male,24760,17,6,25,Clothing,0
542,36,Male,52779,5,5,290,Furniture,1
543,49,Female,41636,44,6,67,Electronics,0
544,18,Male,101889,11,5,250,Clothing,0
545,22,Female,73551,30,8,118,Electronics,0
546,62,Male,31556,15,1,73,Furniture,0
547,21,Female,47598,27,7,282,Clothing,0
548,33,Male,31563,35,2,360,Clothing,0
549,41,Male,66819,33,9,10,Furniture,0
550,33,Male,93770,20,1,211,Grocery,0
551,19,Female,111055,16,6,323,Clothing,0
552,66,Female,46966,34,9,152,Clothing,0
553,45,Male,101709,2,1,5,Electronics,0
554,49,Male,79889,35,4,195,Grocery,0
555,44,Female,46987,40,4,283,Electronics,0
556,37,Female,98714,28,9,113,Electronics,0
557,41,Female,78348,47,5,271,Grocery,0
558,29,Male,44596,39,5,163,Grocery,0
559,67,Female,53174,6,6,105,Furniture,0
560,52,Male,84106,9,1,181,Grocery,1
561,50,Female,89967,20,1,44,Clothing,0
562,50,Male,79182,1,9,282,Grocery,1
563,68,Female,113300,8,3,175,Furniture,0
564,60,Female,107163,23,4,162,Furniture,0
565,54,Female,59310,3,1,351,Furniture,1
566,29,Female,76088,4,9,340,Grocery,1
567,20,Female,28906,25,8,140,Grocery,0
568,18,Male,56914,47,2,132,Electronics,0
569,50,Female,65379,38,8,87,Electronics,0
570,57,Female,98612,15,7,176,Clothing,0
571,27,Female,57650,21,6,183,Electronics,0
572,60,Male,66881,35,1,129,Clothing,0
573,61,Female,66413,46,7,246,Furniture,0
574,46,Male,26012,14,7,89,Electronics,0
575,30,Female,70115,36,9,66,Grocery,0
576,29,Female,27151,12,1,158,Electronics,0
577,48,Male,77716,17,2,149,Clothing,0
578,63,Female,113747,39,9,340,Electronics,0
579,19,Male,112653,9,9,116,Furniture,0
580,68,Male,56378,35,6,214,Grocery,0
581,67,Female,62652,13,6,294,Clothing,0
582,52,Male,92430,15,4,253,Grocery,0
583,40,Female,33467,18,4,143,Grocery,0
584,34,Female,51010,33,5,250,Clothing,0
585,43,Male,74691,6,3,302,Grocery,1
586,25,Male,84157,27,1,25,Grocery,0
587,46,Male,32289,23,1,277,Electronics,0
588,43,Male,64976,27,7,70,Grocery,0
589,27,Female,63596,34,1,113,Grocery,0
590,43,Female,43171,46,1,363,Grocery,0
591,51,Male,106365,38,3,112,Grocery,0
592,68,Female,119590,14,4,364,Clothing,0
593,58,Female,64139,36,4,303,Furniture,0
594,24,Female,68713,8,2,91,Electronics,0
595,21,Female,49734,35,1,18,Grocery,0
596,67,Male,92588,19,3,149,Grocery,0
597,62,Male,83646,30,4,227,Clothing,0
598,28,Female,23654,14,3,214,Furniture,0
599,46,Male,109022,20,8,360,Grocery,0
600,53,Male,38743,49,1,151,Clothing,0
601,42,Male,68368,25,2,192,Electronics,0
602,38,Female,110025,40,7,40,Electronics,0
603,53,Female,94172,24,4,242,Grocery,0
604,27,Female,26441,14,8,138,Grocery,0
605,54,Male,44611,26,3,345,Furniture,0
606,26,Female,32149,38,6,180,Furniture,0
607,41,Female,79189,23,9,200,Grocery,0
608,52,Male,41675,22,1,203,Clothing,0
609,66,Female,91031,48,1,61,Furniture,0
610,52,Female,62668,19,8,192,Grocery,0
611,65,Male,33673,46,3,5,Furniture,0
612,53,Male,96666,3,5,237,Grocery,1
613,35,Male,108204,42,1,181,Electronics,0
614,66,Female,100758,19,5,311,Grocery,0
615,56,Female,85429,9,6,37,Electronics,0
616,49,Female,43669,28,8,56,Furniture,0
617,41,Male,54068,20,3,237,Grocery,0
618,40,Male,108789,45,3,358,Furniture,0
619,49,Female,29435,7,9,349,Electronics,1
620,54,Female,114088,14,4,197,Grocery,0
621,29,Male,72249,9,4,73,Furniture,0
622,66,Male,57384,19,7,59,Electronics,0
623,30,Male,101929,47,2,240,Furniture,0
624,40,Male,96153,14,8,2,Clothing,0
625,42,Female,95388,38,6,360,Electronics,0
626,52,Male,51401,36,3,188,Electronics,0
627,58,Female,91831,40,9,307,Electronics,0
628,47,Female,54084,17,5,30,Grocery,0
629,34,Female,75826,30,8,267,Grocery,0
630,66,Male,56451,9,7,108,Grocery,0
631,37,Male,27227,33,8,332,Clothing,0
632,65,Male,51910,25,7,90,Clothing,0
633,42,Male,56041,14,3,205,Electronics,0
634,39,Female,108920,11,2,220,Clothing,0
635,30,Male,85681,35,7,94,Furniture,0
636,36,Male,101571,41,3,103,Electronics,0
637,66,Female,85481,14,3,223,Electronics,0
638,53,Male,88576,30,2,186,Furniture,0
639,29,Female,84174,41,4,184,Electronics,0
640,58,Female,46160,4,8,162,Clothing,0
641,36,Female,37633,4,1,247,Grocery,1
642,29,Female,114880,28,1,31,Furniture,0
643,26,Female,37014,8,5,52,Clothing,0
644,24,Female,100532,2,5,345,Furniture,1
645,45,Female,69104,41,1,76,Furniture,0
646,31,Female,61621,46,6,278,Electronics,0
647,48,Male,97231,22,1,40,Electronics,0
648,69,Male,88388,41,5,101,Clothing,0
649,36,Male,36014,16,9,111,Furniture,0
650,64,Male,112578,29,5,321,Electronics,0
651,33,Female,53755,49,6,249,Electronics,0
652,22,Male,60390,48,8,191,Furniture,0
653,52,Female,43711,30,1,182,Clothing,0
654,29,Male,111658,12,2,335,Clothing,0
655,42,Male,77993,35,9,209,Furniture,0
656,69,Male,94696,11,3,22,Clothing,0
657,38,Female,47213,46,6,166,Electronics,0
658,53,Male,77784,21,5,99,Furniture,0
659,40,Female,27421,21,2,208,Electronics,0
660,33,Female,106936,5,7,8,Grocery,0
661,56,Male,119073,48,4,190,Grocery,0
662,62,Male,37727,20,1,175,Clothing,0
663,59,Male,24358,37,4,273,Grocery,0
664,56,Female,85108,3,6,17,Electronics,0
665,31,Male,114018,44,7,90,Grocery,0
666,48,Female,52117,33,7,141,Electronics,0
667,22,Female,108700,9,7,145,Clothing,0
668,52,Male,51910,9,3,166,Clothing,0
669,40,Male,118032,4,6,337,Electronics,1
670,46,Female,75754,35,8,78,Grocery,0
671,60,Female,82438,17,4,262,Clothing,0
672,28,Female,49371,34,8,163,Furniture,0
673,35,Male,71501,24,2,14,Clothing,0
674,64,Female,80946,32,9,239,Grocery,0
675,29,Male,58467,1,9,72,Furniture,0
676,26,Female,37625,8,8,143,Grocery,0
677,27,Female,53893,45,1,310,Electronics,0
678,61,Male,96329,23,2,283,Furniture,0
679,34,Female,51007,47,6,269,Grocery,0
680,55,Male,111302,40,5,241,Furniture,0
681,24,Male,59532,12,9,245,Grocery,0
682,63,Female,74253,12,5,163,Furniture,0
683,30,Male,32323,46,2,60,Grocery,0
684,57,Male,93379,47,4,6,Electronics,0
685,59,Female,34210,15,9,197,Furniture,0
686,26,Male,36456,41,1,58,Furniture,0
687,67,Male,51367,19,1,305,Furniture,0
688,44,Male,74624,26,7,217,Furniture,0
689,19,Female,30106,29,3,26,Electronics,0
690,22,Male,88008,22,2,303,Furniture,0
691,46,Female,92240,40,9,5,Clothing,0
692,54,Female,84315,21,3,20,Electronics,0
693,55,Male,89249,38,2,198,Clothing,0
694,36,Male,90587,20,8,59,Furniture,0
695,25,Male,30756,29,6,242,Grocery,0
696,65,Female,88011,4,6,146,Clothing,0
697,62,Male,56378,7,7,273,Furniture,1
698,18,Male,24255,28,7,249,Clothing,0
699,39,Male,34484,28,6,14,Furniture,0
700,69,Male,76549,4,4,13,Furniture,0
701,34,Male,54503,22,9,44,Furniture,0
702,24,Female,93794,12,6,19,Grocery,0
703,42,Female,65113,45,4,63,Clothing,0
704,62,Male,94069,3,3,239,Electronics,1
705,21,Male,118117,22,4,337,Electronics,0
706,53,Male,25249,44,3,100,Electronics,0
707,23,Male,39201,2,2,163,Electronics,0
708,48,Female,78576,24,5,122,Furniture,0
709,36,Male,29686,34,2,44,Clothing,0
710,61,Female,73363,27,6,360,Clothing,0
711,56,Female,117543,41,3,317,Grocery,0
712,44,Male,20661,1,6,145,Clothing,0
713,27,Female,64843,8,9,327,Clothing,1
714,43,Female,115673,23,1,363,Clothing,0
715,36,Female,80963,38,6,50,Grocery,0
716,56,Female,62828,6,9,65,Electronics,0
717,20,Male,68604,22,4,355,Clothing,0
718,62,Male,30526,25,2,288,Grocery,0
719,30,Female,88910,18,4,164,Grocery,0
720,67,Male,45592,17,1,141,Furniture,0
721,45,Male,48982,12,3,314,Grocery,0
722,37,Male,20207,6,9,128,Electronics,0
723,45,Male,108733,26,5,239,Clothing,0
724,25,Male,118936,27,6,324,Grocery,0
725,58,Female,88619,8,3,296,Electronics,1
726,56,Male,49328,19,5,187,Grocery,0
727,18,Male,66479,42,8,208,Grocery,0
728,20,Male,40103,1,6,220,Grocery,1
729,30,Male,59891,29,4,190,Grocery,0
730,45,Female,30754,45,2,346,Grocery,0
731,66,Female,119983,49,9,284,Electronics,0
732,42,Female,101437,35,1,352,Clothing,0
733,50,Female,118540,40,1,237,Clothing,0
734,55,Male,92982,14,4,194,Clothing,0
735,23,Female,75922,35,7,287,Clothing,0
736,61,Male,68231,48,1,259,Electronics,0
737,62,Male,49301,45,9,246,Furniture,0
738,49,Male,111652,20,4,136,Furniture,0
739,62,Male,82711,49,3,280,Electronics,0
740,64,Male,61323,13,1,271,Electronics,0
741,38,Female,38752,38,4,171,Grocery,0
742,33,Female,117912,49,9,159,Grocery,0
743,38,Female,102205,46,6,201,Grocery,0
744,28,Female,118452,49,6,45,Clothing,0
745,54,Male,33395,8,1,264,Grocery,1
746,53,Female,105957,43,2,71,Furniture,0
747,52,Male,76273,20,6,364,Clothing,0
748,36,Female,111878,33,2,103,Grocery,0
749,37,Male,24895,26,3,125,Clothing,0
750,35,Male,96559,39,4,313,Furniture,0
751,64,Female,30699,21,5,286,Grocery,0
752,58,Male,85061,49,9,230,Furniture,0
753,66,Male,29715,42,4,146,Furniture,0
754,31,Female,39169,43,9,197,Furniture,0
755,32,Male,36163,41,3,221,Grocery,0
756,48,Female,25782,9,8,60,Electronics,0
757,18,Female,108177,24,1,98,Grocery,0
758,20,Female,104328,37,9,171,Furniture,0
759,33,Male,55585,49,9,173,Grocery,0
760,40,Male,50682,41,2,151,Furniture,0
761,28,Male,67864,17,4,350,Electronics,0
762,29,Female,104416,24,8,122,Clothing,0
763,27,Male,75114,21,7,108,Electronics,0
764,49,Female,58067,39,1,4,Electronics,0
765,33,Female,62685,41,5,93,Clothing,0
766,25,Male,38073,39,7,6,Grocery,0
767,55,Female,56035,13,4,288,Clothing,0
768,29,Male,84977,11,1,106,Grocery,0
769,41,Male,110373,46,9,146,Grocery,0
770,45,Male,103362,19,5,271,Furniture,0
771,25,Male,110517,11,2,96,Furniture,0
772,45,Male,85450,13,8,229,Clothing,0
773,53,Female,30382,46,2,202,Electronics,0
774,43,Female,24437,45,3,212,Clothing,0
775,25,Female,90971,1,1,6,Grocery,0
776,67,Male,84612,40,2,112,Furniture,0
777,45,Male,110355,44,7,323,Clothing,0
778,45,Male,81929,19,2,106,Clothing,0
779,54,Female,117518,12,6,139,Furniture,0
780,58,Male,118864,8,3,299,Furniture,1
781,53,Female,32329,8,4,96,Furniture,0
782,44,Female,45169,45,8,337,Grocery,0
783,34,Male,107468,12,3,297,Furniture,0
784,26,Male,54594,48,6,214,Electronics,0
785,50,Female,96957,33,1,291,Clothing,0
786,37,Male,80631,45,7,22,Furniture,0
787,30,Female,65033,26,8,193,Furniture,0
788,45,Male,83133,39,8,150,Grocery,0
789,65,Male,93165,28,3,247,Grocery,0
790,46,Female,93861,5,1,267,Clothing,1
791,30,Male,72290,8,9,251,Electronics,1
792,63,Female,114031,25,6,3,Clothing,0
793,52,Male,51750,27,9,316,Furniture,0
794,23,Female,115155,46,7,76,Electronics,0
795,35,Female,60461,23,1,87,Electronics,0
796,68,Male,93800,30,1,270,Electronics,0
797,22,Female,98222,45,6,225,Electronics,0
798,64,Male,44226,47,5,18,Clothing,0
799,42,Male,26721,23,9,113,Grocery,0
800,19,Male,76154,49,2,251,Grocery,0
801,27,Female,40609,47,8,233,Furniture,0
802,47,Female,72130,20,5,329,Grocery,0
803,67,Male,92909,18,2,279,Grocery,0
804,62,Male,75249,18,6,202,Grocery,0
805,22,Female,68895,2,8,83,Grocery,0
806,50,Male,114473,4,4,125,Furniture,0
807,18,Male,25656,30,2,175,Clothing,0
808,35,Female,94520,33,5,69,Electronics,0
809,49,Male,83740,36,2,47,Grocery,0
810,64,Female,84309,18,2,256,Clothing,0
811,66,Male,49984,37,6,215,Grocery,0
812,28,Female,93822,19,9,30,Grocery,0
813,38,Male,25901,47,4,281,Electronics,0
814,43,Male,51552,28,6,237,Electronics,0
815,42,Female,111245,40,7,248,Electronics,0
816,39,Male,51055,20,6,25,Grocery,0
817,44,Female,57685,49,8,74,Grocery,0
818,66,Male,93965,33,4,206,Grocery,0
819,30,Female,34716,12,1,314,Electronics,0
820,50,Female,31138,15,7,94,Furniture,0
821,51,Female,55298,41,3,127,Clothing,0
822,58,Female,71112,39,6,25,Furniture,0
823,52,Male,43429,2,2,334,Grocery,1
824,18,Male,70200,29,9,355,Grocery,0
825,38,Female,91308,41,1,116,Furniture,0
826,65,Female,68244,10,6,48,Grocery,0
827,23,Female,37347,2,6,226,Clothing,1
828,45,Male,36920,11,5,266,Grocery,0
829,34,Male,51822,13,5,99,Clothing,0
830,22,Male,66659,10,1,11,Furniture,0
831,48,Male,60108,14,5,85,Furniture,0
832,22,Female,109099,18,2,214,Grocery,0
833,55,Female,27967,9,7,173,Clothing,0
834,20,Female,31871,39,3,209,Grocery,0
835,40,Male,114299,28,4,64,Electronics,0
836,54,Male,97452,3,3,258,Electronics,1
837,54,Male,94270,20,3,332,Electronics,0
838,27,Female,53613,6,4,121,Electronics,0
839,27,Female,48179,27,5,298,Grocery,0
840,36,Male,72188,2,1,54,Electronics,0
841,34,Female,75099,29,4,331,Clothing,0
842,38,Male,55262,38,8,272,Furniture,0
843,31,Male,98213,3,7,241,Furniture,1
844,26,Female,38268,16,9,243,Electronics,0
845,63,Male,97866,30,5,18,Electronics,0
846,18,Female,106269,40,4,187,Electronics,0
847,68,Male,80545,2,8,346,Grocery,1
848,62,Female,112822,17,9,144,Furniture,0
849,30,Female,92146,41,7,262,Electronics,0
850,21,Female,91966,12,7,364,Clothing,0
851,18,Male,59922,35,5,239,Electronics,0
852,66,Male,99364,43,4,304,Furniture,0
853,57,Female,62913,1,1,298,Electronics,1
854,49,Female,117033,45,7,76,Furniture,0
855,51,Male,75677,15,1,188,Electronics,0
856,45,Male,69841,26,1,333,Clothing,0
857,48,Male,66332,37,5,246,Electronics,0
858,25,Female,112062,21,9,130,Clothing,0
859,56,Male,115694,49,6,315,Clothing,0
860,43,Male,45032,31,3,283,Electronics,0
861,51,Female,57846,25,3,79,Clothing,0
862,20,Male,79474,23,7,72,Grocery,0
863,67,Male,64936,24,6,263,Electronics,0
864,29,Male,49794,38,9,191,Electronics,0
865,18,Female,81588,28,6,63,Clothing,0
866,61,Female,90984,21,5,12,Clothing,0
867,22,Female,70331,43,7,141,Electronics,0
868,47,Female,114397,18,1,254,Grocery,0
869,47,Female,48141,36,7,43,Clothing,0
870,34,Female,29074,35,3,17,Clothing,0
871,65,Female,26406,45,9,63,Furniture,0
872,64,Male,117359,9,6,253,Grocery,1
873,40,Male,43291,38,9,292,Grocery,0
874,32,Female,61568,30,5,8,Electronics,0
875,54,Male,117539,44,7,325,Grocery,0
876,38,Male,66851,34,4,90,Electronics,0
877,31,Female,119942,32,7,208,Furniture,0
878,19,Male,74823,3,1,292,Grocery,1
879,28,Male,43312,3,7,284,Clothing,1
880,68,Male,63108,28,8,118,Furniture,0
881,56,Male,86918,44,5,349,Electronics,0
882,55,Male,54171,15,2,175,Furniture,0
883,51,Female,61779,41,5,76,Electronics,0
884,55,Female,88828,23,6,101,Furniture,0
885,67,Female,118723,40,2,151,Electronics,0
886,51,Male,32411,11,6,270,Grocery,0
887,35,Female,77009,48,6,71,Clothing,0
888,47,Male,35422,32,1,180,Electronics,0
889,32,Male,62468,36,1,124,Furniture,0
890,44,Male,52371,33,3,293,Electronics,0
891,68,Male,77022,24,3,285,Electronics,0
892,51,Female,91229,39,4,195,Electronics,0
893,69,Female,119071,34,2,228,Furniture,0
894,55,Male,71196,28,9,275,Clothing,0
895,50,Female,100354,37,7,106,Grocery,0
896,41,Male,116774,7,7,21,Clothing,0
897,32,Female,116410,4,6,64,Electronics,0
898,47,Female,46715,37,3,165,Furniture,0
899,59,Male,47605,1,6,27,Clothing,0
900,68,Female,119853,1,8,311,Electronics,1
901,34,Male,51174,47,8,285,Grocery,0
902,22,Female,29956,20,9,148,Grocery,0
903,46,Male,96373,19,1,281,Grocery,0
904,21,Male,89252,29,1,326,Electronics,0
905,27,Female,81949,10,3,319,Furniture,0
906,34,Female,82646,18,3,164,Clothing,0
907,27,Male,90017,28,8,224,Grocery,0
908,34,Female,83037,35,1,272,Electronics,0
909,37,Female,109818,43,2,146,Electronics,0
910,41,Male,26548,47,2,356,Clothing,0
911,22,Male,93294,31,3,30,Grocery,0
912,51,Female,43177,27,6,45,Electronics,0
913,23,Male,44022,11,1,275,Clothing,0
914,19,Male,25542,49,2,34,Furniture,0
915,30,Male,111012,49,1,141,Furniture,0
916,60,Female,116320,38,5,318,Furniture,0
917,60,Female,80428,5,7,221,Grocery,1
918,65,Male,42740,8,8,356,Clothing,1
919,28,Female,79353,34,1,22,Clothing,0
920,68,Male,110353,48,7,180,Electronics,0
921,64,Female,76532,12,5,329,Electronics,0
922,40,Male,36052,38,1,231,Electronics,0
923,33,Male,67076,1,3,38,Clothing,0
924,48,Female,73420,31,7,70,Electronics,0
925,28,Male,20671,4,1,116,Clothing,0
926,33,Female,20163,49,7,239,Clothing,0
927,25,Female,61424,45,5,335,Furniture,0
928,21,Male,73744,5,1,148,Electronics,0
929,57,Male,90331,30,1,9,Furniture,0
930,21,Female,30634,24,1,288,Grocery,0
931,42,Male,24798,3,9,50,Grocery,0
932,20,Male,42420,11,3,338,Grocery,0
933,49,Male,49300,45,5,5,Clothing,0
934,20,Male,109881,4,9,343,Clothing,1
935,44,Male,30749,26,6,126,Clothing,0
936,46,Female,45121,27,9,75,Electronics,0
937,49,Female,57487,46,8,165,Furniture,0
938,67,Male,113947,43,8,278,Clothing,0
939,68,Male,53361,27,1,324,Furniture,0
940,36,Male,41223,42,9,300,Furniture,0
941,38,Female,92930,6,6,290,Furniture,1
942,22,Male,34056,15,9,77,Electronics,0
943,35,Female,48380,30,3,298,Electronics,0
944,45,Female,46035,42,3,137,Grocery,0
945,59,Female,50620,37,6,106,Grocery,0
946,39,Male,39877,37,9,95,Furniture,0
947,38,Female,75316,42,7,135,Grocery,0
948,23,Male,84041,37,3,68,Furniture,0
949,18,Female,73352,35,3,147,Electronics,0
950,22,Male,50911,23,2,159,Electronics,0
951,58,Female,52784,6,9,163,Electronics,0
952,29,Male,23191,4,3,341,Clothing,1
953,43,Female,53160,18,5,189,Furniture,0
954,63,Male,110536,9,9,339,Electronics,1
955,51,Male,84641,49,8,95,Furniture,0
956,66,Male,69723,29,2,181,Grocery,0
957,31,Male,23631,13,3,288,Grocery,0
958,43,Female,26172,47,2,322,Electronics,0
959,62,Female,62080,17,8,187,Furniture,0
960,44,Male,109097,45,6,138,Electronics,0
961,26,Female,110353,32,6,130,Grocery,0
962,43,Male,40281,48,9,194,Electronics,0
963,64,Male,48671,22,8,316,Furniture,0
964,39,Female,71431,4,4,273,Grocery,1
965,64,Male,110900,5,4,352,Clothing,1
966,47,Male,112961,37,9,144,Grocery,0
967,60,Female,48602,41,1,16,Clothing,0
968,65,Male,108789,49,2,302,Electronics,0
969,34,Male,71399,13,2,245,Electronics,0
970,43,Male,43472,34,6,107,Furniture,0
971,53,Male,69230,45,4,88,Clothing,0
972,18,Female,93616,22,3,129,Electronics,0
973,25,Female,27099,23,3,341,Clothing,0
974,66,Female,45431,3,3,4,Electronics,0
975,52,Male,76492,42,6,327,Grocery,0
976,69,Male,116722,34,8,306,Electronics,0
977,32,Female,67684,32,7,95,Furniture,0
978,64,Male,50111,45,4,209,Grocery,0
979,39,Male,83936,49,4,225,Furniture,0
980,31,Male,42614,21,2,348,Grocery,0
981,43,Male,112260,46,1,321,Clothing,0
982,45,Female,61991,44,9,47,Furniture,0
983,40,Female,90476,21,2,181,Electronics,0
984,31,Female,80920,44,8,106,Clothing,0
985,41,Male,114294,11,9,199,Electronics,0
986,19,Female,83530,39,4,106,Grocery,0
987,62,Female,56224,4,8,280,Grocery,1
988,43,Male,27788,1,9,260,Electronics,1
989,31,Male,48082,28,5,108,Electronics,0
990,68,Female,109570,24,7,19,Clothing,0
991,24,Female,96816,35,4,296,Electronics,0
992,20,Female,103588,13,1,306,Furniture,0
993,64,Female,36531,47,3,171,Furniture,0
994,40,Male,108340,34,5,331,Electronics,0
995,63,Female,114439,11,3,195,Furniture,0
996,60,Female,64857,36,7,12,Electronics,0
997,64,Male,30142,17,9,195,Clothing,0
998,62,Female,68355,35,6,283,Furniture,0
999,35,Male,29866,18,1,182,Furniture,0
1000,55,Male,90067,40,7,305,Electronics,0
